{
  "benchmark_name": "OmniDocBench",
  "model_name": "Allgaznie-MinerU",
  "metrics": {
    "display_formula_Edit_dist_ALL_page_avg": 0.18467571570763594,
    "display_formula_Edit_dist_edit_whole": 0.18754066147084988,
    "display_formula_Edit_dist_edit_sample_avg": 0.1553656575742914,
    "display_formula_CDM_all": 0.9007724388032639,
    "reading_order_Edit_dist_ALL_page_avg": 0.07207113037489293,
    "reading_order_Edit_dist_edit_whole": 0.16364473608472918,
    "reading_order_Edit_dist_edit_sample_avg": 0.07207113037489293,
    "table_TEDS_all": 0.8903558593027768,
    "table_TEDS_structure_only_all": 0.9306007984291049,
    "table_Edit_dist_ALL_page_avg": 0.07835452833225391,
    "table_Edit_dist_edit_whole": 0.1003415057584174,
    "table_Edit_dist_edit_sample_avg": 0.08277093050459627,
    "text_block_Edit_dist_ALL_page_avg": 0.055651774325799805,
    "text_block_Edit_dist_edit_whole": 0.07577817811399393,
    "text_block_Edit_dist_edit_sample_avg": 0.07320282185618664
  },
  "omnidocbench_raw": {
    "display_formula": {
      "all": {
        "Edit_dist": {
          "ALL_page_avg": 0.18467571570763594,
          "edit_whole": 0.18754066147084988,
          "edit_sample_avg": 0.1553656575742914
        },
        "CDM": {
          "all": 0.9007724388032639
        }
      },
      "group": {
        "CDM": {
          "equation_language: equation_ch": 0.7609411764705882,
          "equation_language: equation_en": 0.9099594202898551,
          "formula_type: handwriting": 0.91325,
          "formula_type: print": 0.9007270245677889
        },
        "Edit_dist": {
          "equation_language: equation_ch": 0.24905745504318516,
          "equation_language: equation_en": 0.14921006121884717,
          "formula_type: handwriting": 0.24363131755769793,
          "formula_type: print": 0.15504439948517984
        },
        "sample_count": {
          "equation_language: equation_ch": 68,
          "equation_language: equation_en": 1035,
          "formula_type: handwriting": 4,
          "formula_type: print": 1099
        }
      },
      "page": {
        "CDM": {
          "ALL": 0.886434547630167,
          "None": 0.9045730374438647,
          "colorful_backgroud": 0.8479798245614035,
          "data_source: PPT2PDF": 0.859124761904762,
          "data_source: academic_literature": 0.912059126984127,
          "data_source: book": 0.8516881302836948,
          "data_source: colorful_textbook": 0.9037625,
          "data_source: exam_paper": 0.9197177590418509,
          "data_source: note": 0.903,
          "fuzzy_scan": 0.8642708333333333,
          "language: english": 0.9089718578384339,
          "language: simplified_chinese": 0.8210321572218631,
          "layout: 1andmore_column": 0.9553212936704872,
          "layout: double_column": 0.8985081593463744,
          "layout: other_layout": 0.8817833333333334,
          "layout: single_column": 0.8581480079816016,
          "layout: three_column": 0.8625788461538462,
          "watermark": 0.8523904761904763
        },
        "Edit_dist": {
          "ALL": 0.18467571570763597,
          "None": 0.17253650151881958,
          "colorful_backgroud": 0.23446276602181207,
          "data_source: PPT2PDF": 0.19802521135065945,
          "data_source: academic_literature": 0.11994325831459227,
          "data_source: book": 0.2001646427794732,
          "data_source: colorful_textbook": 0.24625186468981483,
          "data_source: exam_paper": 0.16447542506875695,
          "data_source: note": 0.26136363636363635,
          "fuzzy_scan": 0.410114830331771,
          "language: english": 0.16672316014673141,
          "language: simplified_chinese": 0.23677332792359423,
          "layout: 1andmore_column": 0.1242384588772088,
          "layout: double_column": 0.18768676891165428,
          "layout: other_layout": 0.24941725641270487,
          "layout: single_column": 0.1914776823819543,
          "layout: three_column": 0.2883237653145053,
          "watermark": 0.2847864595522684
        }
      }
    },
    "reading_order": {
      "all": {
        "Edit_dist": {
          "ALL_page_avg": 0.07207113037489293,
          "edit_whole": 0.16364473608472918,
          "edit_sample_avg": 0.07207113037489293
        }
      },
      "group": {
        "sample_count": {}
      },
      "page": {
        "Edit_dist": {
          "ALL": 0.07207113037489293,
          "None": 0.08017652675486152,
          "colorful_backgroud": 0.06514635166833094,
          "data_source: PPT2PDF": 0.023096853305907716,
          "data_source: academic_literature": 0.13606263651345618,
          "data_source: book": 0.050361482375352144,
          "data_source: colorful_textbook": 0.06773195421295936,
          "data_source: exam_paper": 0.04762670549770994,
          "data_source: magazine": 0.10441608922732716,
          "data_source: newspaper": 0.1945470121479681,
          "data_source: note": 0.008515943250456523,
          "data_source: research_report": 0.017118584030348737,
          "fuzzy_scan": 0.060258221310852886,
          "language: en_ch_mixed": 0.03343967405806558,
          "language: english": 0.07639421666135432,
          "language: simplified_chinese": 0.07377231835671026,
          "layout: 1andmore_column": 0.05128035534033227,
          "layout: double_column": 0.11976607115603503,
          "layout: other_layout": 0.14856631910366333,
          "layout: single_column": 0.022675839318694817,
          "layout: three_column": 0.11182351678208863,
          "watermark": 0.07426590993817885
        }
      }
    },
    "table": {
      "all": {
        "TEDS": {
          "all": 0.8903558593027768
        },
        "TEDS_structure_only": {
          "all": 0.9306007984291049
        },
        "Edit_dist": {
          "ALL_page_avg": 0.07835452833225391,
          "edit_whole": 0.1003415057584174,
          "edit_sample_avg": 0.08277093050459627
        }
      },
      "group": {
        "Edit_dist": {
          "include_background: False": 0.08277326593172729,
          "include_background: True": 0.08276564976172039,
          "include_equation: False": 0.07053194742734852,
          "include_equation: True": 0.14174057624042635,
          "include_photo: False": 0.08277093050459627,
          "language: table_en": 0.09514939589769345,
          "language: table_en_ch_mixed": 0.08001591342150598,
          "language: table_simplified_chinese": 0.07474271403577543,
          "line: fewer_line": 0.07713797835185003,
          "line: full_line": 0.08825166331852134,
          "line: less_line": 0.06293515049809056,
          "line: wireless_line": 0.10440312863996143,
          "table_layout: horizontal": 0.0815043970952417,
          "table_layout: vertical": 0.1741422693223192,
          "with_span: False": 0.06882620722427099,
          "with_span: True": 0.11372997024016121,
          "with_structured_text: False": 0.07000949897685417,
          "with_structured_text: True": 0.18077325050024978
        },
        "TEDS": {
          "include_background: False": 0.8898667874785985,
          "include_background: True": 0.8914617223447088,
          "include_equation: False": 0.9023369549598791,
          "include_equation: True": 0.8326287620458299,
          "include_photo: False": 0.8903558593027768,
          "language: table_en": 0.866903090037801,
          "language: table_en_ch_mixed": 0.9294393237039145,
          "language: table_simplified_chinese": 0.9031558254841715,
          "line: fewer_line": 0.9011129181980045,
          "line: full_line": 0.8892066040418742,
          "line: less_line": 0.9195041708685713,
          "line: wireless_line": 0.8147851299252252,
          "table_layout: horizontal": 0.8925049642035343,
          "table_layout: vertical": 0.7353132914624165,
          "with_span: False": 0.904721209777742,
          "with_span: True": 0.8584629742860305,
          "with_structured_text: False": 0.9056612273487225,