{
  "benchmark_name": "OmniDocBench",
  "model_name": "Allgaznie-MinerU",
  "metrics": {
    "display_formula_Edit_dist_ALL_page_avg": 0.18271626958132467,
    "display_formula_Edit_dist_edit_whole": 0.1786046388054943,
    "display_formula_Edit_dist_edit_sample_avg": 0.1510461541987322,
    "display_formula_CDM_all": 0.9038539019963703,
    "reading_order_Edit_dist_ALL_page_avg": 0.07205928819342075,
    "reading_order_Edit_dist_edit_whole": 0.16375985724975536,
    "reading_order_Edit_dist_edit_sample_avg": 0.07205928819342075,
    "table_TEDS_all": 0.8850835882274826,
    "table_TEDS_structure_only_all": 0.9247212531624163,
    "table_Edit_dist_ALL_page_avg": 0.08298246761449658,
    "table_Edit_dist_edit_whole": 0.11445250763640097,
    "table_Edit_dist_edit_sample_avg": 0.0860834725428278,
    "text_block_Edit_dist_ALL_page_avg": 0.05608723813015667,
    "text_block_Edit_dist_edit_whole": 0.07565615211183345,
    "text_block_Edit_dist_edit_sample_avg": 0.0726066794190187
  },
  "omnidocbench_raw": {
    "display_formula": {
      "all": {
        "Edit_dist": {
          "ALL_page_avg": 0.18271626958132467,
          "edit_whole": 0.1786046388054943,
          "edit_sample_avg": 0.1510461541987322
        },
        "CDM": {
          "all": 0.9038539019963703
        }
      },
      "group": {
        "CDM": {
          "equation_language: equation_ch": 0.7936470588235294,
          "equation_language: equation_en": 0.9111015473887814,
          "formula_type: handwriting": 0.8255,
          "formula_type: print": 0.9041393442622951
        },
        "Edit_dist": {
          "equation_language: equation_ch": 0.20716793413060886,
          "equation_language: equation_en": 0.14735536016065912,
          "formula_type: handwriting": 0.2986263736263736,
          "formula_type: print": 0.15050852134107234
        },
        "sample_count": {
          "equation_language: equation_ch": 68,
          "equation_language: equation_en": 1034,
          "formula_type: handwriting": 4,
          "formula_type: print": 1098
        }
      },
      "page": {
        "CDM": {
          "ALL": 0.8854205955752548,
          "None": 0.9051010051745096,
          "colorful_backgroud": 0.8204067251461988,
          "data_source: PPT2PDF": 0.864567619047619,
          "data_source: academic_literature": 0.9046773809523809,
          "data_source: book": 0.8560171654957945,
          "data_source: colorful_textbook": 0.9002717592592592,
          "data_source: exam_paper": 0.9140852236890488,
          "data_source: note": 0.8029999999999999,
          "fuzzy_scan": 0.8553958333333334,
          "language: english": 0.9075429950207123,
          "language: simplified_chinese": 0.821222259929613,
          "layout: 1andmore_column": 0.956412041632203,
          "layout: double_column": 0.9025592289035652,
          "layout: other_layout": 0.8315653846153845,
          "layout: single_column": 0.8600944282858345,
          "layout: three_column": 0.8623170329670331,
          "watermark": 0.8637714285714286
        },
        "Edit_dist": {
          "ALL": 0.18271626958132467,
          "None": 0.16924562213675728,
          "colorful_backgroud": 0.25951070746707666,
          "data_source: PPT2PDF": 0.21272936731346404,
          "data_source: academic_literature": 0.1215194455696365,
          "data_source: book": 0.1867722314215944,
          "data_source: colorful_textbook": 0.25787137107599256,
          "data_source: exam_paper": 0.16081078433590718,
          "data_source: note": 0.32142857142857145,
          "fuzzy_scan": 0.4143209966899939,
          "language: english": 0.16719820124991006,
          "language: simplified_chinese": 0.22774909532739068,
          "layout: 1andmore_column": 0.12487697381013765,
          "layout: double_column": 0.17720126661626276,
          "layout: other_layout": 0.2604348180433298,
          "layout: single_column": 0.1916838389729859,
          "layout: three_column": 0.3007890427362159,
          "watermark": 0.2786399847438218
        }
      }
    },
    "reading_order": {
      "all": {
        "Edit_dist": {
          "ALL_page_avg": 0.07205928819342075,
          "edit_whole": 0.16375985724975536,
          "edit_sample_avg": 0.07205928819342075
        }
      },
      "group": {
        "sample_count": {}
      },
      "page": {
        "Edit_dist": {
          "ALL": 0.07205928819342075,
          "None": 0.07930753973621626,
          "colorful_backgroud": 0.06816604001642969,
          "data_source: PPT2PDF": 0.02372678546705959,
          "data_source: academic_literature": 0.13567231645100497,
          "data_source: book": 0.044083960613959416,
          "data_source: colorful_textbook": 0.07128249723718659,
          "data_source: exam_paper": 0.05084525802347456,
          "data_source: magazine": 0.10477145525433497,
          "data_source: newspaper": 0.19482128100623233,
          "data_source: note": 0.005934822306503722,
          "data_source: research_report": 0.017118584030348737,
          "fuzzy_scan": 0.06192248297511456,
          "language: en_ch_mixed": 0.03265792035077996,
          "language: english": 0.07489868006885672,
          "language: simplified_chinese": 0.07542306830426868,
          "layout: 1andmore_column": 0.05176795778871904,
          "layout: double_column": 0.11899095341663157,
          "layout: other_layout": 0.15164326351040797,
          "layout: single_column": 0.02233039068172369,
          "layout: three_column": 0.09861749203760234,
          "watermark": 0.07500230239726037
        }
      }
    },
    "table": {
      "all": {
        "TEDS": {
          "all": 0.8850835882274826
        },
        "TEDS_structure_only": {
          "all": 0.9247212531624163
        },
        "Edit_dist": {
          "ALL_page_avg": 0.08298246761449658,
          "edit_whole": 0.11445250763640097,
          "edit_sample_avg": 0.0860834725428278
        }
      },
      "group": {
        "Edit_dist": {
          "include_background: False": 0.08320006431642701,
          "include_background: True": 0.09260328095284233,
          "include_equation: False": 0.07299431990750588,
          "include_equation: True": 0.14914938978574255,
          "include_photo: False": 0.0860834725428278,
          "language: table_en": 0.09984764275092838,
          "language: table_en_ch_mixed": 0.08532527135142864,
          "language: table_simplified_chinese": 0.0769924381842911,
          "line: fewer_line": 0.08178812304272605,
          "line: full_line": 0.08607043242704415,
          "line: less_line": 0.083396781984454,
          "line: wireless_line": 0.10578451404534726,
          "table_layout: horizontal": 0.08264583871189621,
          "table_layout: vertical": 0.33408419891717883,
          "with_span: False": 0.06911502277915867,
          "with_span: True": 0.12375556541436998,
          "with_structured_text: False": 0.07393655369116965,
          "with_structured_text: True": 0.17898214081506056
        },
        "TEDS": {
          "include_background: False": 0.8895243021096026,
          "include_background: True": 0.8750424835895679,
          "include_equation: False": 0.8980565767253931,
          "include_equation: True": 0.8225773709193688,
          "include_photo: False": 0.8850835882274826,
          "language: table_en": 0.8602254293333353,
          "language: table_en_ch_mixed": 0.9107602407659993,
          "language: table_simplified_chinese": 0.8997716880239032,
          "line: fewer_line": 0.8947186201592446,
          "line: full_line": 0.8901184087532308,
          "line: less_line": 0.8940880654993367,
          "line: wireless_line": 0.8114822961001349,
          "table_layout: horizontal": 0.8896383885862978,
          "table_layout: vertical": 0.5564872766272381,
          "with_span: False": 0.9023657330716808,
          "with_span: True": 0.8467150528186653,
          "with_structured_text: False": 0.8999364231956442,