{
  "benchmark_name": "OmniDocBench",
  "model_name": "MinerU-2.5-Optimized",
  "metrics": {
    "display_formula_Edit_dist_ALL_page_avg": 0.19762027710143004,
    "display_formula_Edit_dist_edit_whole": 0.17733917143819466,
    "display_formula_Edit_dist_edit_sample_avg": 0.16222989276087127,
    "display_formula_CDM_all": 0.9044615384615384,
    "reading_order_Edit_dist_ALL_page_avg": 0.05490211851418579,
    "reading_order_Edit_dist_edit_whole": 0.10321206539258578,
    "reading_order_Edit_dist_edit_sample_avg": 0.05490211851418579,
    "table_TEDS_all": 0.8383671553025747,
    "table_TEDS_structure_only_all": 0.8749935722192531,
    "table_Edit_dist_ALL_page_avg": 0.09163847597922084,
    "table_Edit_dist_edit_whole": 0.13047567958217385,
    "table_Edit_dist_edit_sample_avg": 0.13713273200243414,
    "text_block_Edit_dist_ALL_page_avg": 0.05687453378789964,
    "text_block_Edit_dist_edit_whole": 0.06602401563395367,
    "text_block_Edit_dist_edit_sample_avg": 0.05694048448224345
  },
  "omnidocbench_raw": {
    "display_formula": {
      "all": {
        "Edit_dist": {
          "ALL_page_avg": 0.19762027710143004,
          "edit_whole": 0.17733917143819466,
          "edit_sample_avg": 0.16222989276087127
        },
        "CDM": {
          "all": 0.9044615384615384
        }
      },
      "group": {
        "CDM": {
          "equation_language: equation_ch": 0.8409322033898305,
          "equation_language: equation_en": 0.9081362745098039,
          "formula_type: handwriting": 0.925,
          "formula_type: print": 0.9044424860853433,
          "text_background: white": 0.964,
          "text_language: text_simplified_chinese": 0.964,
          "text_rotate: normal": 0.964
        },
        "Edit_dist": {
          "equation_language: equation_ch": 0.21342405329905345,
          "equation_language: equation_en": 0.15926866190621172,
          "formula_type: handwriting": 0.16766467065868262,
          "formula_type: print": 0.16222485122293268,
          "text_background: white": 0.1893939393939394,
          "text_language: text_simplified_chinese": 0.1893939393939394,
          "text_rotate: normal": 0.1893939393939394
        },
        "sample_count": {
          "equation_language: equation_ch": 59,
          "equation_language: equation_en": 1020,
          "formula_type: handwriting": 1,
          "formula_type: print": 1078,
          "text_background: white": 1,
          "text_language: text_simplified_chinese": 1,
          "text_rotate: normal": 1
        }
      },
      "page": {
        "CDM": {
          "ALL": 0.8873735624350498,
          "None": 0.904434386027517,
          "colorful_backgroud": 0.8357631161236424,
          "data_source: PPT2PDF": 0.8238166666666666,
          "data_source: academic_literature": 0.9117547619047619,
          "data_source: book": 0.8453380743276174,
          "data_source: colorful_textbook": 0.9444971560846561,
          "data_source: exam_paper": 0.9345646878317938,
          "fuzzy_scan": 0.6742666666666667,
          "language: english": 0.9088332294766519,
          "language: simplified_chinese": 0.8212062557234433,
          "layout: 1andmore_column": 0.9674592579463548,
          "layout: double_column": 0.9160160497818856,
          "layout: other_layout": 0.791476923076923,
          "layout: single_column": 0.8589252984032875,
          "layout: three_column": 0.7473614502404735,
          "watermark": 0.7140761904761905
        },
        "Edit_dist": {
          "ALL": 0.19762027710143004,
          "None": 0.18085846703961336,
          "colorful_backgroud": 0.27686187665306317,
          "data_source: PPT2PDF": 0.25213638277267114,
          "data_source: academic_literature": 0.1579696653606427,
          "data_source: book": 0.23862361663735474,
          "data_source: colorful_textbook": 0.2203113346688509,
          "data_source: exam_paper": 0.14508218579500287,
          "fuzzy_scan": 0.3946209831796583,
          "language: english": 0.1767385903470564,
          "language: simplified_chinese": 0.2620054779274154,
          "layout: 1andmore_column": 0.11708740133651256,
          "layout: double_column": 0.17202648492024805,
          "layout: other_layout": 0.30245263423153196,
          "layout: single_column": 0.22132587586739766,
          "layout: three_column": 0.4162319601317553,
          "watermark": 0.32282646915562296
        }
      }
    },
    "reading_order": {
      "all": {
        "Edit_dist": {
          "ALL_page_avg": 0.05490211851418579,
          "edit_whole": 0.10321206539258578,
          "edit_sample_avg": 0.05490211851418579
        }
      },
      "group": {
        "sample_count": {}
      },
      "page": {
        "Edit_dist": {
          "ALL": 0.05490211851418579,
          "None": 0.046500140177681566,
          "colorful_backgroud": 0.061471944517028074,
          "data_source: PPT2PDF": 0.032461297067416406,
          "data_source: academic_literature": 0.00593297974927676,
          "data_source: book": 0.0388712528838414,
          "data_source: colorful_textbook": 0.07361393058860412,
          "data_source: exam_paper": 0.04994230461666967,
          "data_source: magazine": 0.07370748215787724,
          "data_source: newspaper": 0.12176575281481376,
          "data_source: note": 0.07722292456805731,
          "data_source: research_report": 0.008964646464646465,
          "fuzzy_scan": 0.05031108073213337,
          "language: en_ch_mixed": 0.09604854380673007,
          "language: english": 0.0409720924887672,
          "language: simplified_chinese": 0.06276518814277311,
          "layout: 1andmore_column": 0.028300936536230652,
          "layout: double_column": 0.04047952430130301,
          "layout: other_layout": 0.1115656421407401,
          "layout: single_column": 0.03384594088098333,
          "layout: three_column": 0.0952287084336527,
          "watermark": 0.07707176374823434
        }
      }
    },
    "table": {
      "all": {
        "TEDS": {
          "all": 0.8383671553025747
        },
        "TEDS_structure_only": {
          "all": 0.8749935722192531
        },
        "Edit_dist": {
          "ALL_page_avg": 0.09163847597922084,
          "edit_whole": 0.13047567958217385,
          "edit_sample_avg": 0.13713273200243414
        }
      },
      "group": {
        "Edit_dist": {
          "include_background: False": 0.15085961131130673,
          "include_background: True": 0.10609424694097074,
          "include_equation: False": 0.14129223820531134,
          "include_equation: True": 0.11709147484311688,
          "include_photo: False": 0.13713273200243417,
          "language: table_en": 0.23626241549849689,
          "language: table_en_ch_mixed": 0.08462330195360944,
          "language: table_simplified_chinese": 0.07500825764920376,
          "line: fewer_line": 0.08661518652562428,
          "line: full_line": 0.08890465368449432,
          "line: less_line": 0.07702973323681103,
          "line: wireless_line": 0.6511533666884365,
          "table_layout: horizontal": 0.13735514544460087,
          "table_layout: vertical": 0.12108719081755157,
          "with_span: False": 0.1538534805811062,
          "with_span: True": 0.10001056691896729,
          "with_structured_text: False": 0.06896898123282078,
          "with_structured_text: True": 0.2007310973388651
        },
        "TEDS": {
          "include_background: False": 0.8264665690927359,
          "include_background: True": 0.865276124121,
          "include_equation: False": 0.8353974277316962,
          "include_equation: True": 0.8526758426895344,
          "include_photo: False": 0.8383671553025747,
          "language: table_en": 0.733921610487607,
          "language: table_en_ch_mixed": 0.9232387188903973,
          "language: table_simplified_chinese": 0.9017197788564372,
          "line: fewer_line": 0.8832293773264537,
          "line: full_line": 0.887811147394076,